perro,https://image.freepik.com/foto-gratis/companero-perro-pug-aislado-pared-blanca_155003-31878.jpg
canguro,https://as2.ftcdn.net/jpg/02/73/14/01/500_F_273140104_8jSzl5bg8TCzCcOFM5HPhjjHinFw7gQ5.jpg
gorila,https://image.freepik.com/foto-gratis/closeup-foto-gorila-tierras-bajas-occidentales-sentado_181624-5912.jpg
mono,https://as1.ftcdn.net/jpg/00/28/08/40/500_F_28084010_bGRJetPfBwNcO3YuRC2C3Pz7qASocWQ4.jpg
camello,https://as2.ftcdn.net/jpg/00/65/68/45/500_F_65684515_UHeytTd6DdjiYr0iJr2aEpHjfMkz63IQ.jpg
elefante,https://as2.ftcdn.net/jpg/00/51/17/05/500_F_51170548_g56JjWyGEehogIxl9wozzgoy0gWA5mHb.jpg
leon,https://as1.ftcdn.net/jpg/00/58/80/88/500_F_58808812_f9cFTkhl1ILXqhhKwQV2tPJFx5WiV8d1.jpg
pantera,https://as1.ftcdn.net/v2/jpg/02/08/78/20/1000_F_208782021_tCrhxXZVnOrUCpFeKZKkruyjrGvy7Tcq.jpg
tiburon,https://as1.ftcdn.net/v2/jpg/02/50/08/50/1000_F_250085070_CO2CFkrXwGFVoNlGitWT8xgAq2nUIu5K.jpg
hipopotamo,https://as1.ftcdn.net/jpg/02/29/19/62/500_F_229196276_TfDtP9bhp6wdbHNr4rb7FiTmJ58XoPb7.jpg
rinoceronte,https://as1.ftcdn.net/jpg/00/07/00/76/500_F_7007615_3MV5xXu2QzPe3xb4VRiX8ulrjijB5u0y.jpg
jirafa,https://as2.ftcdn.net/v2/jpg/02/48/37/15/1000_F_248371516_6qvjBWAlEy01hnerUVY0ieKvxvpb1xny.jpg
gato,https://image.freepik.com/foto-gratis/primer-plano-gato-jengibre-abrazando-lamiendo-al-otro-aislado-pared-blanca_181624-32893.jpg
loro,https://as2.ftcdn.net/v2/jpg/01/34/59/11/1000_F_134591176_GoWXJIe2C9351wrjpxRiLkPIM4397owE.jpg
vaca,https://as1.ftcdn.net/v2/jpg/00/31/85/34/1000_F_31853441_UIllTWyMFDasGhwjYUl8NRYQptuAlWu6.jpg
caballo,https://as2.ftcdn.net/v2/jpg/02/48/36/25/1000_F_248362598_xGBUihYmK6SMv0Oz9wVEZbV71zKbqTsd.jpg
iguana,https://as1.ftcdn.net/v2/jpg/02/71/85/82/1000_F_271858216_jkBNtCKy2yzNmIykZP9U82Ejgvapw28W.jpg
conejo,https://image.freepik.com/foto-gratis/conejo-lindo-peludo-aislado_78492-3950.jpg
pony,https://as2.ftcdn.net/jpg/00/05/57/11/500_F_5571196_EMrlb8WweoYWF72yujTGiZ94YpYrzRD4.jpg
rata,https://as1.ftcdn.net/v2/jpg/02/96/33/84/1000_F_296338420_oOuo82k108OdUfJhaX6EHshR2BXPN3o1.jpg
canario,https://as2.ftcdn.net/jpg/00/48/38/29/500_F_48382938_fgbycYeIY4skNvqP8vy3zKpUTi1zxmmT.jpg
jilguero,https://image.freepik.com/foto-gratis/primer-plano-carduelis-posado-rama-arbol_181624-29460.jpg
lince,https://image.freepik.com/foto-gratis/disparo-enfoque-suave-lince-sentado-alto-buscando-presa-arboles-marrones_181624-10907.jpg
pez payaso,https://image.freepik.com/foto-gratis/ocellaris-peces-payaso-arrecifes-coral_181624-8570.jpg
pingüino,https://image.freepik.com/foto-gratis/pinguinos-rey-isla-georgia-sur_160321-51.jpg
avestruz,https://as1.ftcdn.net/v2/jpg/03/29/39/44/1000_F_329394486_uzD0PWCcx7PAMigF5XZGJFEI71GZyoaj.jpg
condor,https://image.freepik.com/foto-gratis/condor-peligro-extincion_133548-133.jpg
pez espada,https://as1.ftcdn.net/jpg/03/61/94/58/500_F_361945819_TvECKCIWBSlOPuNMpyGPhvFOivygSu4l.jpg
tortuga,https://as2.ftcdn.net/v2/jpg/02/31/48/03/1000_F_231480360_wV98wBrlDaN6Q0PEf4bndnkxlR6kybUl.jpg
lagartija ,https://as1.ftcdn.net/v2/jpg/00/24/86/94/1000_F_24869435_UWt5HTtYotXwjqCbgie4gUUgOk1eQO9k.jpg
sapo,https://as1.ftcdn.net/v2/jpg/01/02/59/08/1000_F_102590817_mPMpZaETGP2vJqzcZaejmtNEJdesP6w1.jpg
salamandra,https://as1.ftcdn.net/v2/jpg/02/96/33/68/1000_F_296336808_XjgwwBDxOZUr0gQ4ISGL0wmIOUKkRt4p.jpg
